Number of Locomotive,Locomotive Battery Capacity,Locomotive per charger,Charger Type,Electricity Rate,Total energy [MWh],Total Charger Needed,Total Charging Time per locomotive [hrs],Station Utilization,Capital cost [$/kWh],O&M less energy [$/kWh],Energy [$/kWh],Total charging cost [$/kWh],Charging station capital investment,Annual O&M cost (w/energy cost)
1,10000,1,"3000kW, Pantograph",US,10,1,3.5,0.1458,0.1102,0.0804,0.1014,0.292,2163278.93,536968.79
2,10000,1,"3000kW, Pantograph",US,20,2,3.5,0.1458,0.0981,0.0569,0.1014,0.2564,3825645.17,940204.2
2,10000,2,"3000kW, Pantograph",US,20,1,3.5,0.2917,0.0571,0.0402,0.1014,0.1988,2163278.93,845374.38
3,10000,1,"3000kW, Pantograph",US,30,3,3.5,0.1458,0.0941,0.0491,0.1014,0.2446,5488011.4,1343439.6
3,10000,2,"3000kW, Pantograph",US,30,2,3.5,0.2917,0.0499,0.0316,0.1014,0.1829,2779005.7,1194613.66
3,10000,3,"3000kW, Pantograph",US,30,1,3.5,0.4375,0.0394,0.0268,0.1014,0.1677,2163278.93,1153779.96
4,10000,1,"3000kW, Pantograph",US,40,4,3.5,0.1458,0.0921,0.0451,0.1014,0.2386,7150377.64,1746675.01
4,10000,2,"3000kW, Pantograph",US,40,2,3.5,0.2917,0.0511,0.0284,0.1014,0.181,3825645.17,1557015.37
4,10000,3,"3000kW, Pantograph",US,40,2,3.5,0.4375,0.0358,0.0225,0.1014,0.1597,2573763.44,1489408.01
4,10000,4,"3000kW, Pantograph",US,40,1,3.5,0.5833,0.0306,0.0201,0.1014,0.1521,2163278.93,1462185.55
5,10000,1,"3000kW, Pantograph",US,50,5,3.5,0.1458,0.0852,0.0401,0.1014,0.2268,8262743.87,2112110.41
5,10000,2,"3000kW, Pantograph",US,50,3,3.5,0.2917,0.048,0.0256,0.1014,0.175,4441371.94,1906254.65
5,10000,3,"3000kW, Pantograph",US,50,2,3.5,0.4375,0.0336,0.0199,0.1014,0.155,2984247.96,1825036.06
5,10000,4,"3000kW, Pantograph",US,50,2,3.5,0.5833,0.0284,0.0175,0.1014,0.1474,2471142.32,1791007.98
5,10000,5,"3000kW, Pantograph",US,50,1,3.5,0.7292,0.0253,0.0161,0.1014,0.1428,2163278.93,1770591.13
6,10000,1,"3000kW, Pantograph",US,60,6,3.5,0.1458,0.0877,0.0393,0.1014,0.2284,10246022.8,2520948.24
6,10000,2,"3000kW, Pantograph",US,60,3,3.5,0.2917,0.0491,0.0245,0.1014,0.175,5488011.4,2268656.36
6,10000,3,"3000kW, Pantograph",US,60,2,3.5,0.4375,0.0354,0.019,0.1014,0.1558,3825645.17,2173826.54
6,10000,4,"3000kW, Pantograph",US,60,2,3.5,0.5833,0.027,0.0158,0.1014,0.1442,2779005.7,2119830.41
6,10000,5,"3000kW, Pantograph",US,60,2,3.5,0.7292,0.0238,0.0144,0.1014,0.1396,2409569.64,2095330.19
6,10000,6,"3000kW, Pantograph",US,60,1,3.5,0.875,0.0218,0.0134,0.1014,0.1366,2163278.93,2078996.72
7,10000,1,"3000kW, Pantograph",US,70,7,3.5,0.1458,0.0866,0.0381,0.1014,0.2261,11798389.04,2916623.65
7,10000,2,"3000kW, Pantograph",US,70,4,3.5,0.2917,0.0499,0.0237,0.1014,0.1751,6534650.87,2631058.06
7,10000,3,"3000kW, Pantograph",US,70,3,3.5,0.4375,0.0339,0.0176,0.1014,0.153,4236129.68,2509454.59
7,10000,4,"3000kW, Pantograph",US,70,2,3.5,0.5833,0.0287,0.0152,0.1014,0.1454,3517781.78,2461815.27
7,10000,5,"3000kW, Pantograph",US,70,2,3.5,0.7292,0.0228,0.0131,0.1014,0.1374,2655860.35,2420069.26
7,10000,6,"3000kW, Pantograph",US,70,2,3.5,0.875,0.0207,0.0122,0.1014,0.1343,2368521.19,2401013.53
8,10000,1,"3000kW, Pantograph",US,80,8,3.5,0.1458,0.0858,0.0372,0.1014,0.2244,13350755.27,3312299.05
8,10000,2,"3000kW, Pantograph",US,80,4,3.5,0.2917,0.0481,0.0226,0.1014,0.1721,7150377.64,2980297.35
8,10000,3,"3000kW, Pantograph",US,80,3,3.5,0.4375,0.0352,0.0172,0.1014,0.1538,5077526.89,2858245.06
8,10000,4,"3000kW, Pantograph",US,80,2,3.5,0.5833,0.0276,0.0142,0.1014,0.1432,3825645.17,2790637.71
8,10000,5,"3000kW, Pantograph",US,80,2,3.5,0.7292,0.022,0.0122,0.1014,0.1357,2902151.05,2744808.32
8,10000,6,"3000kW, Pantograph",US,80,2,3.5,0.875,0.0199,0.0113,0.1014,0.1326,2573763.44,2723030.35
9,10000,1,"3000kW, Pantograph",US,90,9,3.5,0.1458,0.0852,0.0364,0.1014,0.2231,14903121.51,3707974.46
9,10000,2,"3000kW, Pantograph",US,90,5,3.5,0.2917,0.0488,0.0222,0.1014,0.1724,8197017.1,3342699.06
9,10000,3,"3000kW, Pantograph",US,90,3,3.5,0.4375,0.0341,0.0164,0.1014,0.1519,5488011.4,3193873.11
9,10000,4,"3000kW, Pantograph",US,90,3,3.5,0.5833,0.0267,0.0134,0.1014,0.1416,4133508.55,3119460.14
9,10000,5,"3000kW, Pantograph",US,90,2,3.5,0.7292,0.0236,0.012,0.1014,0.137,3579354.46,3082709.81
9,10000,6,"3000kW, Pantograph",US,90,2,3.5,0.875,0.0193,0.0105,0.1014,0.1313,2779005.7,3045047.17
10,10000,1,"3000kW, Pantograph",US,100,10,3.5,0.1458,0.0848,0.0359,0.1014,0.2221,16455487.75,4103649.87
10,10000,2,"3000kW, Pantograph",US,100,5,3.5,0.2917,0.0447,0.0201,0.1014,0.1661,8262743.87,3654138.34
10,10000,3,"3000kW, Pantograph",US,100,4,3.5,0.4375,0.0332,0.0157,0.1014,0.1503,5898495.92,3529501.16
10,10000,4,"3000kW, Pantograph",US,100,3,3.5,0.5833,0.026,0.0128,0.1014,0.1402,4441371.94,3448282.57
10,10000,5,"3000kW, Pantograph",US,100,2,3.5,0.7292,0.0229,0.0114,0.1014,0.1357,3825645.17,3407448.88
10,10000,6,"3000kW, Pantograph",US,100,2,3.5,0.875,0.0189,0.01,0.1014,0.1302,2984247.96,3367063.99
11,10000,1,"3000kW, Pantograph",US,110,11,3.5,0.1458,0.0861,0.0358,0.1014,0.2234,18438766.68,4512487.7
11,10000,2,"3000kW, Pantograph",US,110,6,3.5,0.2917,0.0453,0.0198,0.1014,0.1666,9254383.34,4012760.05
11,10000,3,"3000kW, Pantograph",US,110,4,3.5,0.4375,0.0342,0.0155,0.1014,0.1511,6739893.12,3878291.64
11,10000,4,"3000kW, Pantograph",US,110,3,3.5,0.5833,0.0272,0.0127,0.1014,0.1413,5180148.02,3790267.43
11,10000,5,"3000kW, Pantograph",US,110,3,3.5,0.7292,0.0223,0.0109,0.1014,0.1346,4071935.87,3732187.94
11,10000,6,"3000kW, Pantograph",US,110,2,3.5,0.875,0.0202,0.0099,0.1014,0.1316,3620402.91,3702243.23
12,10000,1,"3000kW, Pantograph",US,120,12,3.5,0.1458,0.0857,0.0354,0.1014,0.2225,19991132.91,4908163.1
12,10000,2,"3000kW, Pantograph",US,120,6,3.5,0.2917,0.0459,0.0197,0.1014,0.1669,10246022.8,4371381.75
12,10000,3,"3000kW, Pantograph",US,120,4,3.5,0.4375,0.0334,0.015,0.1014,0.1499,7150377.64,4213919.69
12,10000,4,"3000kW, Pantograph",US,120,3,3.5,0.5833,0.0266,0.0123,0.1014,0.1403,5488011.4,4119089.87
12,10000,5,"3000kW, Pantograph",US,120,3,3.5,0.7292,0.0218,0.0104,0.1014,0.1337,4318226.58,4056927.01
12,10000,6,"3000kW, Pantograph",US,120,2,3.5,0.875,0.0197,0.0095,0.1014,0.1306,3825645.17,4024260.05
13,10000,1,"3000kW, Pantograph",US,130,13,3.5,0.1458,0.0853,0.035,0.1014,0.2217,21543499.15,5303838.51
13,10000,2,"3000kW, Pantograph",US,130,7,3.5,0.2917,0.0448,0.0192,0.1014,0.1654,10806749.57,4716841.04
13,10000,3,"3000kW, Pantograph",US,130,5,3.5,0.4375,0.0343,0.015,0.1014,0.1507,7991774.85,4562710.16
13,10000,4,"3000kW, Pantograph",US,130,4,3.5,0.5833,0.0261,0.0119,0.1014,0.1393,5795874.79,4447912.3
13,10000,5,"3000kW, Pantograph",US,130,3,3.5,0.7292,0.0229,0.0104,0.1014,0.1348,4995429.99,4394828.49
13,10000,6,"3000kW, Pantograph",US,130,3,3.5,0.875,0.0193,0.0091,0.1014,0.1299,4030887.42,4346276.86
14,10000,1,"3000kW, Pantograph",US,140,14,3.5,0.1458,0.0849,0.0347,0.1014,0.2211,23095865.38,5699513.91
14,10000,2,"3000kW, Pantograph",US,140,7,3.5,0.2917,0.0454,0.019,0.1014,0.1658,11798389.04,5075462.74
14,10000,3,"3000kW, Pantograph",US,140,5,3.5,0.4375,0.0336,0.0146,0.1014,0.1496,8402259.36,4898338.21
14,10000,4,"3000kW, Pantograph",US,140,4,3.5,0.5833,0.027,0.0119,0.1014,0.1403,6534650.87,4789897.16
14,10000,5,"3000kW, Pantograph",US,140,3,3.5,0.7292,0.0225,0.0101,0.1014,0.134,5241720.69,4719567.56
14,10000,6,"3000kW, Pantograph",US,140,3,3.5,0.875,0.019,0.0088,0.1014,0.1292,4236129.68,4668293.68
15,10000,1,"3000kW, Pantograph",US,150,15,3.5,0.1458,0.0846,0.0345,0.1014,0.2205,24648231.62,6095189.32
15,10000,2,"3000kW, Pantograph",US,150,8,3.5,0.2917,0.0445,0.0186,0.1014,0.1646,12359115.81,5420922.03
15,10000,3,"3000kW, Pantograph",US,150,5,3.5,0.4375,0.0311,0.0134,0.1014,0.1459,8262743.87,5196166.26
15,10000,4,"3000kW, Pantograph",US,150,4,3.5,0.5833,0.0265,0.0116,0.1014,0.1395,6842514.25,5118719.59
15,10000,5,"3000kW, Pantograph",US,150,3,3.5,0.7292,0.0221,0.0098,0.1014,0.1333,5488011.4,5044306.62
15,10000,6,"3000kW, Pantograph",US,150,3,3.5,0.875,0.0187,0.0085,0.1014,0.1287,4441371.94,4990310.5
16,10000,1,"3000kW, Pantograph",US,160,16,3.5,0.1458,0.0856,0.0345,0.1014,0.2215,26631510.55,6504027.15
16,10000,2,"3000kW, Pantograph",US,160,8,3.5,0.2917,0.045,0.0186,0.1014,0.165,13350755.27,5779543.74
16,10000,3,"3000kW, Pantograph",US,160,6,3.5,0.4375,0.0318,0.0134,0.1014,0.1466,9067474.41,5542436.74
16,10000,4,"3000kW, Pantograph",US,160,4,3.5,0.5833,0.0261,0.0113,0.1014,0.1388,7150377.64,5447542.03
16,10000,5,"3000kW, Pantograph",US,160,4,3.5,0.7292,0.0217,0.0096,0.1014,0.1327,5734302.11,5369045.69
16,10000,6,"3000kW, Pantograph",US,160,3,3.5,0.875,0.0197,0.0086,0.1014,0.1297,5077526.89,5325489.74
17,10000,1,"3000kW, Pantograph",US,170,17,3.5,0.1458,0.0853,0.0343,0.1014,0.221,28183876.78,6899702.56
17,10000,2,"3000kW, Pantograph",US,170,9,3.5,0.2917,0.0454,0.0185,0.1014,0.1653,14342394.74,6138165.44
17,10000,3,"3000kW, Pantograph",US,170,6,3.5,0.4375,0.0313,0.0131,0.1014,0.1458,9441292.26,5875544.79
17,10000,4,"3000kW, Pantograph",US,170,5,3.5,0.5833,0.0268,0.0113,0.1014,0.1396,7889153.72,5789526.89
17,10000,5,"3000kW, Pantograph",US,170,4,3.5,0.7292,0.0226,0.0096,0.1014,0.1336,6411505.51,5706947.18
17,10000,6,"3000kW, Pantograph",US,170,3,3.5,0.875,0.0193,0.0084,0.1014,0.1291,5282769.15,5647506.56
18,10000,1,"3000kW, Pantograph",US,180,18,3.5,0.1458,0.085,0.0341,0.1014,0.2205,29736243.02,7295377.96
18,10000,2,"3000kW, Pantograph",US,180,9,3.5,0.2917,0.0447,0.0182,0.1014,0.1643,14903121.51,6483624.73
18,10000,3,"3000kW, Pantograph",US,180,6,3.5,0.4375,0.0319,0.0131,0.1014,0.1465,10246022.8,6221815.26
18,10000,4,"3000kW, Pantograph",US,180,5,3.5,0.5833,0.0265,0.0111,0.1014,0.139,8197017.1,6118349.32
18,10000,5,"3000kW, Pantograph",US,180,4,3.5,0.7292,0.0222,0.0094,0.1014,0.1331,6657796.22,6031686.24
18,10000,6,"3000kW, Pantograph",US,180,3,3.5,0.875,0.0191,0.0082,0.1014,0.1287,5488011.4,5969523.38
19,10000,1,"3000kW, Pantograph",US,190,19,3.5,0.1458,0.0847,0.0339,0.1014,0.2201,31288609.25,7691053.37
19,10000,2,"3000kW, Pantograph",US,190,10,3.5,0.2917,0.045,0.0182,0.1014,0.1647,15894760.98,6842246.43
19,10000,3,"3000kW, Pantograph",US,190,7,3.5,0.4375,0.0315,0.0129,0.1014,0.1458,10619840.65,6554923.31
19,10000,4,"3000kW, Pantograph",US,190,5,3.5,0.5833,0.0261,0.0109,0.1014,0.1384,8504880.49,6447171.76
19,10000,5,"3000kW, Pantograph",US,190,4,3.5,0.7292,0.0219,0.0092,0.1014,0.1326,6904086.93,6356425.3
19,10000,6,"3000kW, Pantograph",US,190,4,3.5,0.875,0.0188,0.008,0.1014,0.1283,5693253.66,6291540.2
20,10000,1,"3000kW, Pantograph",US,200,20,3.5,0.1458,0.0845,0.0338,0.1014,0.2197,32840975.49,8086728.77
20,10000,2,"3000kW, Pantograph",US,200,10,3.5,0.2917,0.0444,0.0179,0.1014,0.1638,16455487.75,7187705.72
20,10000,3,"3000kW, Pantograph",US,200,7,3.5,0.4375,0.031,0.0127,0.1014,0.1451,10993658.5,6888031.37
20,10000,4,"3000kW, Pantograph",US,200,5,3.5,0.5833,0.0244,0.01,0.1014,0.1358,8262743.87,6738194.19
20,10000,5,"3000kW, Pantograph",US,200,4,3.5,0.7292,0.0217,0.009,0.1014,0.1321,7150377.64,6681164.37
20,10000,6,"3000kW, Pantograph",US,200,4,3.5,0.875,0.0186,0.0078,0.1014,0.1279,5898495.92,6613557.01
21,10000,1,"3000kW, Pantograph",US,210,21,3.5,0.1458,0.0853,0.0338,0.1014,0.2205,34824254.42,8495566.6
21,10000,2,"3000kW, Pantograph",US,210,11,3.5,0.2917,0.0448,0.0179,0.1014,0.1641,17447127.21,7546327.42
21,10000,3,"3000kW, Pantograph",US,210,7,3.5,0.4375,0.0316,0.0127,0.1014,0.1457,11798389.04,7234301.84
21,10000,4,"3000kW, Pantograph",US,210,6,3.5,0.5833,0.025,0.0101,0.1014,0.1365,8974019.95,7078289.05
21,10000,5,"3000kW, Pantograph",US,210,5,3.5,0.7292,0.0224,0.0091,0.1014,0.1329,7827581.04,7019065.86
21,10000,6,"3000kW, Pantograph",US,210,4,3.5,0.875,0.0194,0.0079,0.1014,0.1287,6534650.87,6948736.26
22,10000,1,"3000kW, Pantograph",US,220,22,3.5,0.1458,0.085,0.0337,0.1014,0.2201,36376620.66,8891242.01
22,10000,2,"3000kW, Pantograph",US,220,11,3.5,0.2917,0.0451,0.0179,0.1014,0.1644,18438766.68,7904949.13
22,10000,3,"3000kW, Pantograph",US,220,8,3.5,0.4375,0.0312,0.0125,0.1014,0.1451,12172206.89,7567409.89
22,10000,4,"3000kW, Pantograph",US,220,6,3.5,0.5833,0.0247,0.0099,0.1014,0.136,9254383.34,7405221.48
22,10000,5,"3000kW, Pantograph",US,220,5,3.5,0.7292,0.0221,0.0089,0.1014,0.1325,8073871.75,7343804.92
22,10000,6,"3000kW, Pantograph",US,220,4,3.5,0.875,0.0191,0.0078,0.1014,0.1283,6739893.12,7270753.07
23,10000,1,"3000kW, Pantograph",US,230,23,3.5,0.1458,0.0848,0.0336,0.1014,0.2198,37928986.89,9286917.41
23,10000,2,"3000kW, Pantograph",US,230,12,3.5,0.2917,0.0446,0.0177,0.1014,0.1637,18999493.45,8250408.42
23,10000,3,"3000kW, Pantograph",US,230,8,3.5,0.4375,0.0317,0.0126,0.1014,0.1457,12976937.43,7913680.37
23,10000,4,"3000kW, Pantograph",US,230,6,3.5,0.5833,0.0244,0.0098,0.1014,0.1356,9534746.72,7732153.92
23,10000,5,"3000kW, Pantograph",US,230,5,3.5,0.7292,0.0219,0.0088,0.1014,0.1321,8320162.46,7668543.99
23,10000,6,"3000kW, Pantograph",US,230,4,3.5,0.875,0.0189,0.0076,0.1014,0.128,6945135.38,7592769.89
24,10000,1,"3000kW, Pantograph",US,240,24,3.5,0.1458,0.0846,0.0334,0.1014,0.2195,39481353.13,9682592.82
24,10000,2,"3000kW, Pantograph",US,240,12,3.5,0.2917,0.0449,0.0177,0.1014,0.164,19991132.91,8609030.12
24,10000,3,"3000kW, Pantograph",US,240,8,3.5,0.4375,0.0313,0.0124,0.1014,0.1451,13350755.27,8246788.42
24,10000,4,"3000kW, Pantograph",US,240,6,3.5,0.5833,0.025,0.0098,0.1014,0.1362,10246022.8,8072248.77
24,10000,5,"3000kW, Pantograph",US,240,5,3.5,0.7292,0.0216,0.0087,0.1014,0.1317,8566453.16,7993283.05
24,10000,6,"3000kW, Pantograph",US,240,4,3.5,0.875,0.0187,0.0075,0.1014,0.1277,7150377.64,7914786.71
25,10000,1,"3000kW, Pantograph",US,250,25,3.5,0.1458,0.0845,0.0333,0.1014,0.2192,41033719.36,10078268.23
25,10000,2,"3000kW, Pantograph",US,250,13,3.5,0.2917,0.0444,0.0175,0.1014,0.1633,20551859.68,8954489.41
25,10000,3,"3000kW, Pantograph",US,250,9,3.5,0.4375,0.031,0.0122,0.1014,0.1447,13724573.12,8579896.47
25,10000,4,"3000kW, Pantograph",US,250,7,3.5,0.5833,0.0247,0.0097,0.1014,0.1358,10526386.19,8399181.21
25,10000,5,"3000kW, Pantograph",US,250,5,3.5,0.7292,0.0203,0.008,0.1014,0.1297,8262743.87,8280222.12
25,10000,6,"3000kW, Pantograph",US,250,5,3.5,0.875,0.0186,0.0074,0.1014,0.1274,7355619.89,8236803.53
26,10000,1,"3000kW, Pantograph",US,260,26,3.5,0.1458,0.0851,0.0334,0.1014,0.2199,43016998.29,10487106.06
26,10000,2,"3000kW, Pantograph",US,260,13,3.5,0.2917,0.0447,0.0175,0.1014,0.1636,21543499.15,9313111.11
26,10000,3,"3000kW, Pantograph",US,260,9,3.5,0.4375,0.0314,0.0123,0.1014,0.1451,14529303.66,8926166.94
26,10000,4,"3000kW, Pantograph",US,260,7,3.5,0.5833,0.0245,0.0096,0.1014,0.1355,10806749.57,8726113.64
26,10000,5,"3000kW, Pantograph",US,260,6,3.5,0.7292,0.0209,0.0081,0.1014,0.1304,8917947.28,8616611.6
26,10000,6,"3000kW, Pantograph",US,260,5,3.5,0.875,0.0192,0.0075,0.1014,0.1281,7991774.85,8571982.77
27,10000,1,"3000kW, Pantograph",US,270,27,3.5,0.1458,0.0849,0.0333,0.1014,0.2196,44569364.53,10882781.46
27,10000,2,"3000kW, Pantograph",US,270,14,3.5,0.2917,0.0449,0.0175,0.1014,0.1639,22535138.61,9671732.82
27,10000,3,"3000kW, Pantograph",US,270,9,3.5,0.4375,0.0311,0.0121,0.1014,0.1447,14903121.51,9259274.99
27,10000,4,"3000kW, Pantograph",US,270,7,3.5,0.5833,0.0249,0.0096,0.1014,0.136,11518025.65,9066208.5
27,10000,5,"3000kW, Pantograph",US,270,6,3.5,0.7292,0.0207,0.008,0.1014,0.1301,9142237.98,8939838.67
27,10000,6,"3000kW, Pantograph",US,270,5,3.5,0.875,0.019,0.0074,0.1014,0.1278,8197017.1,8893999.59
28,10000,1,"3000kW, Pantograph",US,280,28,3.5,0.1458,0.0847,0.0332,0.1014,0.2194,46121730.76,11278456.87
28,10000,2,"3000kW, Pantograph",US,280,14,3.5,0.2917,0.0445,0.0174,0.1014,0.1633,23095865.38,10017192.1
28,10000,3,"3000kW, Pantograph",US,280,10,3.5,0.4375,0.0315,0.0122,0.1014,0.1451,15707852.05,9605545.47
28,10000,4,"3000kW, Pantograph",US,280,7,3.5,0.5833,0.0247,0.0095,0.1014,0.1357,11798389.04,9393140.94
28,10000,5,"3000kW, Pantograph",US,280,6,3.5,0.7292,0.0205,0.0079,0.1014,0.1298,9366528.69,9263065.73
28,10000,6,"3000kW, Pantograph",US,280,5,3.5,0.875,0.0188,0.0073,0.1014,0.1275,8402259.36,9216016.41
29,10000,1,"3000kW, Pantograph",US,290,29,3.5,0.1458,0.0846,0.0331,0.1014,0.2191,47674097,11674132.27
29,10000,2,"3000kW, Pantograph",US,290,15,3.5,0.2917,0.0447,0.0174,0.1014,0.1635,24087504.85,10375813.81
29,10000,3,"3000kW, Pantograph",US,290,10,3.5,0.4375,0.0312,0.0121,0.1014,0.1447,16081669.9,9938653.52
29,10000,4,"3000kW, Pantograph",US,290,8,3.5,0.5833,0.0245,0.0094,0.1014,0.1353,12078752.42,9720073.37
29,10000,5,"3000kW, Pantograph",US,290,6,3.5,0.7292,0.0203,0.0078,0.1014,0.1295,9590819.4,9586292.8
29,10000,6,"3000kW, Pantograph",US,290,5,3.5,0.875,0.0187,0.0072,0.1014,0.1273,8607501.62,9538033.22
30,10000,1,"3000kW, Pantograph",US,300,30,3.5,0.1458,0.0844,0.033,0.1014,0.2189,49226463.24,12069807.68
30,10000,2,"3000kW, Pantograph",US,300,15,3.5,0.2917,0.0443,0.0172,0.1014,0.163,24648231.62,10721273.1
30,10000,3,"3000kW, Pantograph",US,300,10,3.5,0.4375,0.031,0.012,0.1014,0.1443,16455487.75,10271761.57
30,10000,4,"3000kW, Pantograph",US,300,8,3.5,0.5833,0.0243,0.0093,0.1014,0.135,12359115.81,10047005.8
30,10000,5,"3000kW, Pantograph",US,300,6,3.5,0.7292,0.0208,0.0079,0.1014,0.1301,10246022.8,9922682.29
30,10000,6,"3000kW, Pantograph",US,300,5,3.5,0.875,0.0176,0.0067,0.1014,0.1257,8262743.87,9822250.04
31,10000,1,"3000kW, Pantograph",US,310,31,3.5,0.1458,0.0849,0.0331,0.1014,0.2195,51209742.17,12478645.51
31,10000,2,"3000kW, Pantograph",US,310,16,3.5,0.2917,0.0446,0.0172,0.1014,0.1632,25639871.08,11079894.8
31,10000,3,"3000kW, Pantograph",US,310,11,3.5,0.4375,0.0313,0.012,0.1014,0.1448,17260218.29,10618032.04
31,10000,4,"3000kW, Pantograph",US,310,8,3.5,0.5833,0.0247,0.0094,0.1014,0.1355,13070391.89,10387100.66
31,10000,5,"3000kW, Pantograph",US,310,7,3.5,0.7292,0.0206,0.0078,0.1014,0.1298,10470313.51,10245909.35
31,10000,6,"3000kW, Pantograph",US,310,6,3.5,0.875,0.0181,0.0068,0.1014,0.1263,8880565.49,10156169.28
32,10000,1,"3000kW, Pantograph",US,320,32,3.5,0.1458,0.0848,0.033,0.1014,0.2193,52762108.4,12874320.91
32,10000,2,"3000kW, Pantograph",US,320,16,3.5,0.2917,0.0448,0.0173,0.1014,0.1635,26631510.55,11438516.51
32,10000,3,"3000kW, Pantograph",US,320,11,3.5,0.4375,0.0311,0.0119,0.1014,0.1444,17634036.13,10951140.09
32,10000,4,"3000kW, Pantograph",US,320,8,3.5,0.5833,0.0245,0.0093,0.1014,0.1352,13350755.27,10714033.1
32,10000,5,"3000kW, Pantograph",US,320,7,3.5,0.7292,0.0205,0.0077,0.1014,0.1296,10694604.22,10569136.41
32,10000,6,"3000kW, Pantograph",US,320,6,3.5,0.875,0.018,0.0067,0.1014,0.1261,9067474.41,10476926.1
33,10000,1,"3000kW, Pantograph",US,330,33,3.5,0.1458,0.0847,0.033,0.1014,0.2191,54314474.64,13269996.32
33,10000,2,"3000kW, Pantograph",US,330,17,3.5,0.2917,0.0444,0.0171,0.1014,0.163,27192237.32,11783975.79
33,10000,3,"3000kW, Pantograph",US,330,11,3.5,0.4375,0.0314,0.0119,0.1014,0.1448,18438766.68,11297410.57
33,10000,4,"3000kW, Pantograph",US,330,9,3.5,0.5833,0.0243,0.0092,0.1014,0.135,13631118.66,11040965.53
33,10000,5,"3000kW, Pantograph",US,330,7,3.5,0.7292,0.0203,0.0076,0.1014,0.1293,10918894.93,10892363.48
33,10000,6,"3000kW, Pantograph",US,330,6,3.5,0.875,0.0178,0.0066,0.1014,0.1259,9254383.34,10797682.92
34,10000,1,"3000kW, Pantograph",US,340,34,3.5,0.1458,0.0845,0.0329,0.1014,0.2189,55866840.87,13665671.73
34,10000,2,"3000kW, Pantograph",US,340,17,3.5,0.2917,0.0447,0.0171,0.1014,0.1632,28183876.78,12142597.5
34,10000,3,"3000kW, Pantograph",US,340,12,3.5,0.4375,0.0312,0.0118,0.1014,0.1444,18812584.52,11630518.62
34,10000,4,"3000kW, Pantograph",US,340,9,3.5,0.5833,0.0247,0.0093,0.1014,0.1354,14342394.74,11381060.39
34,10000,5,"3000kW, Pantograph",US,340,7,3.5,0.7292,0.0207,0.0077,0.1014,0.1298,11574098.33,11228752.97
34,10000,6,"3000kW, Pantograph",US,340,6,3.5,0.875,0.0177,0.0065,0.1014,0.1257,9441292.26,11118439.74
35,10000,1,"3000kW, Pantograph",US,350,35,3.5,0.1458,0.0844,0.0328,0.1014,0.2187,57419207.11,14061347.13
35,10000,2,"3000kW, Pantograph",US,350,18,3.5,0.2917,0.0443,0.017,0.1014,0.1628,28744603.55,12488056.79
35,10000,3,"3000kW, Pantograph",US,350,12,3.5,0.4375,0.0309,0.0118,0.1014,0.1441,19186402.37,11963626.67
35,10000,4,"3000kW, Pantograph",US,350,9,3.5,0.5833,0.0245,0.0092,0.1014,0.1351,14622758.12,11707992.82
35,10000,5,"3000kW, Pantograph",US,350,7,3.5,0.7292,0.0206,0.0076,0.1014,0.1296,11798389.04,11551980.03
35,10000,6,"3000kW, Pantograph",US,350,6,3.5,0.875,0.0176,0.0065,0.1014,0.1255,9628201.18,11439196.55
36,10000,1,"3000kW, Pantograph",US,360,36,3.5,0.1458,0.0849,0.0329,0.1014,0.2192,59402486.04,14470184.96
36,10000,2,"3000kW, Pantograph",US,360,18,3.5,0.2917,0.0445,0.017,0.1014,0.163,29736243.02,12846678.49
36,10000,3,"3000kW, Pantograph",US,360,12,3.5,0.4375,0.0313,0.0118,0.1014,0.1445,19991132.91,12309897.14
36,10000,4,"3000kW, Pantograph",US,360,9,3.5,0.5833,0.0244,0.0091,0.1014,0.1349,14903121.51,12034925.26
36,10000,5,"3000kW, Pantograph",US,360,8,3.5,0.7292,0.0204,0.0076,0.1014,0.1294,12022679.75,11875207.1
36,10000,6,"3000kW, Pantograph",US,360,6,3.5,0.875,0.018,0.0066,0.1014,0.126,10246022.8,11773115.8
37,10000,1,"3000kW, Pantograph",US,370,37,3.5,0.1458,0.0847,0.0329,0.1014,0.219,60954852.27,14865860.37
37,10000,2,"3000kW, Pantograph",US,370,19,3.5,0.2917,0.0447,0.0171,0.1014,0.1632,30727882.48,13205300.2
37,10000,3,"3000kW, Pantograph",US,370,13,3.5,0.4375,0.031,0.0117,0.1014,0.1442,20364950.76,12643005.2
37,10000,4,"3000kW, Pantograph",US,370,10,3.5,0.5833,0.0247,0.0092,0.1014,0.1353,15614397.59,12375020.12
37,10000,5,"3000kW, Pantograph",US,370,8,3.5,0.7292,0.0203,0.0075,0.1014,0.1292,12246970.45,12198434.16
37,10000,6,"3000kW, Pantograph",US,370,7,3.5,0.875,0.0179,0.0065,0.1014,0.1258,10432931.73,12093872.61
38,10000,1,"3000kW, Pantograph",US,380,38,3.5,0.1458,0.0846,0.0328,0.1014,0.2188,62507218.51,15261535.77
38,10000,2,"3000kW, Pantograph",US,380,19,3.5,0.2917,0.0444,0.017,0.1014,0.1628,31288609.25,13550759.48
38,10000,3,"3000kW, Pantograph",US,380,13,3.5,0.4375,0.0313,0.0118,0.1014,0.1445,21169681.3,12989275.67
38,10000,4,"3000kW, Pantograph",US,380,10,3.5,0.5833,0.0246,0.0091,0.1014,0.1351,15894760.98,12701952.55
38,10000,5,"3000kW, Pantograph",US,380,8,3.5,0.7292,0.0207,0.0076,0.1014,0.1297,12902173.86,12534823.65
38,10000,6,"3000kW, Pantograph",US,380,7,3.5,0.875,0.0178,0.0064,0.1014,0.1256,10619840.65,12414629.43
39,10000,1,"3000kW, Pantograph",US,390,39,3.5,0.1458,0.0845,0.0327,0.1014,0.2187,64059584.75,15657211.18
39,10000,2,"3000kW, Pantograph",US,390,20,3.5,0.2917,0.0446,0.017,0.1014,0.163,32280248.72,13909381.19
39,10000,3,"3000kW, Pantograph",US,390,13,3.5,0.4375,0.0311,0.0117,0.1014,0.1442,21543499.15,13322383.72
39,10000,4,"3000kW, Pantograph",US,390,10,3.5,0.5833,0.0244,0.009,0.1014,0.1348,16175124.36,13028884.99
39,10000,5,"3000kW, Pantograph",US,390,8,3.5,0.7292,0.0206,0.0075,0.1014,0.1295,13126464.57,12858050.71
39,10000,6,"3000kW, Pantograph",US,390,7,3.5,0.875,0.0177,0.0064,0.1014,0.1255,10806749.57,12735386.25
40,10000,1,"3000kW, Pantograph",US,400,40,3.5,0.1458,0.0844,0.0327,0.1014,0.2185,65611950.98,16052886.58
40,10000,2,"3000kW, Pantograph",US,400,20,3.5,0.2917,0.0443,0.0169,0.1014,0.1626,32840975.49,14254840.47
40,10000,3,"3000kW, Pantograph",US,400,14,3.5,0.4375,0.0309,0.0116,0.1014,0.144,21917316.99,13655491.77
40,10000,4,"3000kW, Pantograph",US,400,10,3.5,0.5833,0.0242,0.009,0.1014,0.1346,16455487.75,13355817.42
40,10000,5,"3000kW, Pantograph",US,400,8,3.5,0.7292,0.0204,0.0074,0.1014,0.1293,13350755.27,13181277.78
40,10000,6,"3000kW, Pantograph",US,400,7,3.5,0.875,0.0176,0.0063,0.1014,0.1253,10993658.5,13056143.07
41,10000,1,"3000kW, Pantograph",US,410,41,3.5,0.1458,0.0848,0.0328,0.1014,0.219,67595229.91,16461724.41
41,10000,2,"3000kW, Pantograph",US,410,21,3.5,0.2917,0.0445,0.0169,0.1014,0.1628,33832614.96,14613462.18
41,10000,3,"3000kW, Pantograph",US,410,14,3.5,0.4375,0.0312,0.0116,0.1014,0.1443,22722047.54,14001762.25
41,10000,4,"3000kW, Pantograph",US,410,11,3.5,0.5833,0.0246,0.009,0.1014,0.135,17166763.83,13695912.28
41,10000,5,"3000kW, Pantograph",US,410,9,3.5,0.7292,0.0203,0.0074,0.1014,0.1291,13575045.98,13504504.84
41,10000,6,"3000kW, Pantograph",US,410,7,3.5,0.875,0.0179,0.0064,0.1014,0.1258,11611480.12,13390062.31
42,10000,1,"3000kW, Pantograph",US,420,42,3.5,0.1458,0.0847,0.0327,0.1014,0.2188,69147596.15,16857399.82
42,10000,2,"3000kW, Pantograph",US,420,21,3.5,0.2917,0.0447,0.0169,0.1014,0.163,34824254.42,14972083.89
42,10000,3,"3000kW, Pantograph",US,420,14,3.5,0.4375,0.031,0.0116,0.1014,0.144,23095865.38,14334870.3
42,10000,4,"3000kW, Pantograph",US,420,11,3.5,0.5833,0.0244,0.009,0.1014,0.1348,17447127.21,14022844.71
42,10000,5,"3000kW, Pantograph",US,420,9,3.5,0.7292,0.0207,0.0074,0.1014,0.1295,14230249.39,13840894.33
42,10000,6,"3000kW, Pantograph",US,420,7,3.5,0.875,0.0178,0.0063,0.1014,0.1256,11798389.04,13710819.13
43,10000,1,"3000kW, Pantograph",US,430,43,3.5,0.1458,0.0846,0.0327,0.1014,0.2187,70699962.38,17253075.23
43,10000,2,"3000kW, Pantograph",US,430,22,3.5,0.2917,0.0444,0.0168,0.1014,0.1626,35384981.19,15317543.17
43,10000,3,"3000kW, Pantograph",US,430,15,3.5,0.4375,0.0313,0.0116,0.1014,0.1443,23900595.92,14681140.77
43,10000,4,"3000kW, Pantograph",US,430,11,3.5,0.5833,0.0243,0.0089,0.1014,0.1346,17727490.6,14349777.15
43,10000,5,"3000kW, Pantograph",US,430,9,3.5,0.7292,0.0205,0.0074,0.1014,0.1293,14454540.09,14164121.4
43,10000,6,"3000kW, Pantograph",US,430,8,3.5,0.875,0.0177,0.0063,0.1014,0.1255,11985297.96,14031575.95
44,10000,1,"3000kW, Pantograph",US,440,44,3.5,0.1458,0.0845,0.0326,0.1014,0.2185,72252328.62,17648750.63
44,10000,2,"3000kW, Pantograph",US,440,22,3.5,0.2917,0.0446,0.0168,0.1014,0.1628,36376620.66,15676164.88
44,10000,3,"3000kW, Pantograph",US,440,15,3.5,0.4375,0.0311,0.0116,0.1014,0.1441,24274413.77,15014248.82
44,10000,4,"3000kW, Pantograph",US,440,11,3.5,0.5833,0.0246,0.009,0.1014,0.135,18438766.68,14689872
44,10000,5,"3000kW, Pantograph",US,440,9,3.5,0.7292,0.0204,0.0073,0.1014,0.1292,14678830.8,14487348.46
44,10000,6,"3000kW, Pantograph",US,440,8,3.5,0.875,0.0176,0.0063,0.1014,0.1253,12172206.89,14352332.76
45,10000,1,"3000kW, Pantograph",US,450,45,3.5,0.1458,0.0844,0.0326,0.1014,0.2184,73804694.85,18044426.04
45,10000,2,"3000kW, Pantograph",US,450,23,3.5,0.2917,0.0443,0.0168,0.1014,0.1625,36937347.43,16021624.16
45,10000,3,"3000kW, Pantograph",US,450,15,3.5,0.4375,0.0309,0.0115,0.1014,0.1438,24648231.62,15347356.87
45,10000,4,"3000kW, Pantograph",US,450,12,3.5,0.5833,0.0244,0.0089,0.1014,0.1348,18719130.06,15016804.44
45,10000,5,"3000kW, Pantograph",US,450,9,3.5,0.7292,0.0203,0.0073,0.1014,0.129,14903121.51,14810575.52
45,10000,6,"3000kW, Pantograph",US,450,8,3.5,0.875,0.0175,0.0062,0.1014,0.1252,12359115.81,14673089.58
46,10000,1,"3000kW, Pantograph",US,460,46,3.5,0.1458,0.0847,0.0326,0.1014,0.2188,75787973.78,18453263.87
46,10000,2,"3000kW, Pantograph",US,460,23,3.5,0.2917,0.0445,0.0168,0.1014,0.1626,37928986.89,16380245.87
46,10000,3,"3000kW, Pantograph",US,460,16,3.5,0.4375,0.0312,0.0115,0.1014,0.1441,25452962.16,15693627.35
46,10000,4,"3000kW, Pantograph",US,460,12,3.5,0.5833,0.0243,0.0089,0.1014,0.1346,18999493.45,15343736.87
46,10000,5,"3000kW, Pantograph",US,460,10,3.5,0.7292,0.0206,0.0073,0.1014,0.1294,15558324.91,15146965.01
46,10000,6,"3000kW, Pantograph",US,460,8,3.5,0.875,0.0179,0.0063,0.1014,0.1256,12976937.43,15007008.82
47,10000,1,"3000kW, Pantograph",US,470,47,3.5,0.1458,0.0846,0.0326,0.1014,0.2187,77340340.02,18848939.27
47,10000,2,"3000kW, Pantograph",US,470,24,3.5,0.2917,0.0446,0.0168,0.1014,0.1628,38920626.36,16738867.58
47,10000,3,"3000kW, Pantograph",US,470,16,3.5,0.4375,0.031,0.0115,0.1014,0.1439,25826780.01,16026735.4
47,10000,4,"3000kW, Pantograph",US,470,12,3.5,0.5833,0.0246,0.0089,0.1014,0.1349,19710769.53,15683831.73
47,10000,5,"3000kW, Pantograph",US,470,10,3.5,0.7292,0.0205,0.0073,0.1014,0.1292,15782615.62,15470192.08
47,10000,6,"3000kW, Pantograph",US,470,8,3.5,0.875,0.0178,0.0062,0.1014,0.1254,13163846.35,15327765.64
48,10000,1,"3000kW, Pantograph",US,480,48,3.5,0.1458,0.0846,0.0326,0.1014,0.2185,78892706.25,19244614.68
48,10000,2,"3000kW, Pantograph",US,480,24,3.5,0.2917,0.0444,0.0167,0.1014,0.1625,39481353.13,17084326.86
48,10000,3,"3000kW, Pantograph",US,480,16,3.5,0.4375,0.0312,0.0115,0.1014,0.1442,26631510.55,16373005.87
48,10000,4,"3000kW, Pantograph",US,480,12,3.5,0.5833,0.0245,0.0089,0.1014,0.1347,19991132.91,16010764.17
48,10000,5,"3000kW, Pantograph",US,480,10,3.5,0.7292,0.0204,0.0073,0.1014,0.1291,16006906.33,15793419.14
48,10000,6,"3000kW, Pantograph",US,480,8,3.5,0.875,0.0177,0.0062,0.1014,0.1253,13350755.27,15648522.46
49,10000,1,"3000kW, Pantograph",US,490,49,3.5,0.1458,0.0845,0.0325,0.1014,0.2184,80445072.49,19640290.09
49,10000,2,"3000kW, Pantograph",US,490,25,3.5,0.2917,0.0445,0.0167,0.1014,0.1627,40472992.59,17442948.57
49,10000,3,"3000kW, Pantograph",US,490,17,3.5,0.4375,0.0311,0.0114,0.1014,0.1439,27005328.4,16706113.92
49,10000,4,"3000kW, Pantograph",US,490,13,3.5,0.5833,0.0243,0.0088,0.1014,0.1346,20271496.3,16337696.6
49,10000,5,"3000kW, Pantograph",US,490,10,3.5,0.7292,0.0203,0.0072,0.1014,0.1289,16231197.04,16116646.21
49,10000,6,"3000kW, Pantograph",US,490,9,3.5,0.875,0.0176,0.0062,0.1014,0.1252,13537664.2,15969279.28
50,10000,1,"3000kW, Pantograph",US,500,50,3.5,0.1458,0.0844,0.0325,0.1014,0.2183,81997438.73,20035965.49
50,10000,2,"3000kW, Pantograph",US,500,25,3.5,0.2917,0.0443,0.0167,0.1014,0.1624,41033719.36,17788407.85
50,10000,3,"3000kW, Pantograph",US,500,17,3.5,0.4375,0.0309,0.0114,0.1014,0.1437,27379146.24,17039221.97
50,10000,4,"3000kW, Pantograph",US,500,13,3.5,0.5833,0.0242,0.0088,0.1014,0.1344,20551859.68,16664629.03
50,10000,5,"3000kW, Pantograph",US,500,10,3.5,0.7292,0.0202,0.0072,0.1014,0.1288,16455487.75,16439873.27
50,10000,6,"3000kW, Pantograph",US,500,9,3.5,0.875,0.0175,0.0061,0.1014,0.1251,13724573.12,16290036.09
51,10000,1,"3000kW, Pantograph",US,510,51,3.5,0.1458,0.0847,0.0325,0.1014,0.2186,83980717.66,20444803.32
51,10000,2,"3000kW, Pantograph",US,510,26,3.5,0.2917,0.0444,0.0167,0.1014,0.1625,42025358.83,18147029.56
51,10000,3,"3000kW, Pantograph",US,510,17,3.5,0.4375,0.0311,0.0114,0.1014,0.144,28183876.78,17385492.45
51,10000,4,"3000kW, Pantograph",US,510,13,3.5,0.5833,0.0245,0.0088,0.1014,0.1347,21263135.76,17004723.89
51,10000,5,"3000kW, Pantograph",US,510,11,3.5,0.7292,0.0205,0.0072,0.1014,0.1291,17110691.15,16776262.76
51,10000,6,"3000kW, Pantograph",US,510,9,3.5,0.875,0.0178,0.0062,0.1014,0.1254,14342394.74,16623955.34
52,10000,1,"3000kW, Pantograph",US,520,52,3.5,0.1458,0.0846,0.0325,0.1014,0.2185,85533083.89,20840478.73
52,10000,2,"3000kW, Pantograph",US,520,26,3.5,0.2917,0.0446,0.0167,0.1014,0.1627,43016998.29,18505651.27
52,10000,3,"3000kW, Pantograph",US,520,18,3.5,0.4375,0.031,0.0114,0.1014,0.1438,28557694.63,17718600.5
52,10000,4,"3000kW, Pantograph",US,520,13,3.5,0.5833,0.0244,0.0088,0.1014,0.1345,21543499.15,17331656.33
52,10000,5,"3000kW, Pantograph",US,520,11,3.5,0.7292,0.0204,0.0072,0.1014,0.129,17334981.86,17099489.82
52,10000,6,"3000kW, Pantograph",US,520,9,3.5,0.875,0.0178,0.0061,0.1014,0.1253,14529303.66,16944712.15
53,10000,1,"3000kW, Pantograph",US,530,53,3.5,0.1458,0.0845,0.0325,0.1014,0.2184,87085450.13,21236154.13
53,10000,2,"3000kW, Pantograph",US,530,27,3.5,0.2917,0.0443,0.0166,0.1014,0.1624,43577725.06,18851110.55
53,10000,3,"3000kW, Pantograph",US,530,18,3.5,0.4375,0.0312,0.0114,0.1014,0.144,29362425.17,18064870.97
53,10000,4,"3000kW, Pantograph",US,530,14,3.5,0.5833,0.0243,0.0087,0.1014,0.1344,21823862.53,17658588.76
53,10000,5,"3000kW, Pantograph",US,530,11,3.5,0.7292,0.0203,0.0072,0.1014,0.1289,17559272.56,17422716.89
53,10000,6,"3000kW, Pantograph",US,530,9,3.5,0.875,0.0177,0.0061,0.1014,0.1252,14716212.59,17265468.97
54,10000,1,"3000kW, Pantograph",US,540,54,3.5,0.1458,0.0845,0.0324,0.1014,0.2183,88637816.36,21631829.54
54,10000,2,"3000kW, Pantograph",US,540,27,3.5,0.2917,0.0445,0.0167,0.1014,0.1626,44569364.53,19209732.26
54,10000,3,"3000kW, Pantograph",US,540,18,3.5,0.4375,0.031,0.0114,0.1014,0.1438,29736243.02,18397979.02
54,10000,4,"3000kW, Pantograph",US,540,14,3.5,0.5833,0.0245,0.0088,0.1014,0.1347,22535138.61,17998683.62
54,10000,5,"3000kW, Pantograph",US,540,11,3.5,0.7292,0.0202,0.0071,0.1014,0.1288,17783563.27,17745943.95
54,10000,6,"3000kW, Pantograph",US,540,9,3.5,0.875,0.0176,0.0061,0.1014,0.1251,14903121.51,17586225.79
55,10000,1,"3000kW, Pantograph",US,550,55,3.5,0.1458,0.0844,0.0324,0.1014,0.2182,90190182.6,22027504.94
55,10000,2,"3000kW, Pantograph",US,550,28,3.5,0.2917,0.0443,0.0166,0.1014,0.1623,45130091.3,19555191.54
55,10000,3,"3000kW, Pantograph",US,550,19,3.5,0.4375,0.0309,0.0113,0.1014,0.1436,30110060.87,18731087.08
55,10000,4,"3000kW, Pantograph",US,550,14,3.5,0.5833,0.0244,0.0087,0.1014,0.1345,22815502,18325616.05
55,10000,5,"3000kW, Pantograph",US,550,11,3.5,0.7292,0.0205,0.0072,0.1014,0.1291,18438766.68,18082333.44
55,10000,6,"3000kW, Pantograph",US,550,10,3.5,0.875,0.0175,0.006,0.1014,0.125,15090030.43,17906982.61
56,10000,1,"3000kW, Pantograph",US,560,56,3.5,0.1458,0.0847,0.0325,0.1014,0.2185,92173461.53,22436342.77
56,10000,2,"3000kW, Pantograph",US,560,28,3.5,0.2917,0.0444,0.0166,0.1014,0.1624,46121730.76,19913813.25
56,10000,3,"3000kW, Pantograph",US,560,19,3.5,0.4375,0.0311,0.0114,0.1014,0.1439,30914791.41,19077357.55
56,10000,4,"3000kW, Pantograph",US,560,14,3.5,0.5833,0.0243,0.0087,0.1014,0.1344,23095865.38,18652548.49
56,10000,5,"3000kW, Pantograph",US,560,12,3.5,0.7292,0.0204,0.0071,0.1014,0.1289,18663057.38,18405560.51
56,10000,6,"3000kW, Pantograph",US,560,10,3.5,0.875,0.0178,0.0061,0.1014,0.1253,15707852.05,18240901.85
57,10000,1,"3000kW, Pantograph",US,570,57,3.5,0.1458,0.0846,0.0324,0.1014,0.2184,93725827.76,22832018.18
57,10000,2,"3000kW, Pantograph",US,570,29,3.5,0.2917,0.0445,0.0166,0.1014,0.1626,47113370.23,20272434.96
57,10000,3,"3000kW, Pantograph",US,570,19,3.5,0.4375,0.031,0.0113,0.1014,0.1437,31288609.25,19410465.6
57,10000,4,"3000kW, Pantograph",US,570,15,3.5,0.5833,0.0245,0.0087,0.1014,0.1347,23807141.46,18992643.35
57,10000,5,"3000kW, Pantograph",US,570,12,3.5,0.7292,0.0203,0.0071,0.1014,0.1288,18887348.09,18728787.57
57,10000,6,"3000kW, Pantograph",US,570,10,3.5,0.875,0.0177,0.0061,0.1014,0.1252,15894760.98,18561658.67
58,10000,1,"3000kW, Pantograph",US,580,58,3.5,0.1458,0.0845,0.0324,0.1014,0.2183,95278194,23227693.59
58,10000,2,"3000kW, Pantograph",US,580,29,3.5,0.2917,0.0443,0.0166,0.1014,0.1623,47674097,20617894.24
58,10000,3,"3000kW, Pantograph",US,580,20,3.5,0.4375,0.0312,0.0113,0.1014,0.1439,32093339.8,19756736.08
58,10000,4,"3000kW, Pantograph",US,580,15,3.5,0.5833,0.0244,0.0087,0.1014,0.1345,24087504.85,19319575.78
58,10000,5,"3000kW, Pantograph",US,580,12,3.5,0.7292,0.0202,0.0071,0.1014,0.1287,19111638.8,19052014.63
58,10000,6,"3000kW, Pantograph",US,580,10,3.5,0.875,0.0177,0.006,0.1014,0.1251,16081669.9,18882415.49
59,10000,1,"3000kW, Pantograph",US,590,59,3.5,0.1458,0.0844,0.0324,0.1014,0.2182,96830560.24,23623368.99
59,10000,2,"3000kW, Pantograph",US,590,30,3.5,0.2917,0.0445,0.0166,0.1014,0.1625,48665736.47,20976515.95
59,10000,3,"3000kW, Pantograph",US,590,20,3.5,0.4375,0.031,0.0113,0.1014,0.1437,32467157.64,20089844.13
59,10000,4,"3000kW, Pantograph",US,590,15,3.5,0.5833,0.0243,0.0087,0.1014,0.1344,24367868.23,19646508.21
59,10000,5,"3000kW, Pantograph",US,590,12,3.5,0.7292,0.0205,0.0071,0.1014,0.129,19766842.2,19388404.12
59,10000,6,"3000kW, Pantograph",US,590,10,3.5,0.875,0.0176,0.006,0.1014,0.125,16268578.82,19203172.3
60,10000,1,"3000kW, Pantograph",US,600,60,3.5,0.1458,0.0844,0.0323,0.1014,0.2181,98382926.47,24019044.4
60,10000,2,"3000kW, Pantograph",US,600,30,3.5,0.2917,0.0443,0.0165,0.1014,0.1622,49226463.24,21321975.23
60,10000,3,"3000kW, Pantograph",US,600,20,3.5,0.4375,0.0309,0.0113,0.1014,0.1436,32840975.49,20422952.18
60,10000,4,"3000kW, Pantograph",US,600,15,3.5,0.5833,0.0242,0.0086,0.1014,0.1342,24648231.62,19973440.65
60,10000,5,"3000kW, Pantograph",US,600,12,3.5,0.7292,0.0204,0.0071,0.1014,0.1289,19991132.91,19711631.19
60,10000,6,"3000kW, Pantograph",US,600,10,3.5,0.875,0.0175,0.006,0.1014,0.1249,16455487.75,19523929.12
61,10000,1,"3000kW, Pantograph",US,610,61,3.5,0.1458,0.0846,0.0324,0.1014,0.2184,100366205.4,24427882.23
61,10000,2,"3000kW, Pantograph",US,610,31,3.5,0.2917,0.0444,0.0165,0.1014,0.1623,50218102.7,21680596.94
61,10000,3,"3000kW, Pantograph",US,610,21,3.5,0.4375,0.0311,0.0113,0.1014,0.1438,33645706.03,20769222.65
61,10000,4,"3000kW, Pantograph",US,610,16,3.5,0.5833,0.0244,0.0087,0.1014,0.1345,25359507.7,20313535.51
61,10000,5,"3000kW, Pantograph",US,610,13,3.5,0.7292,0.0203,0.007,0.1014,0.1288,20215423.62,20034858.25
61,10000,6,"3000kW, Pantograph",US,610,11,3.5,0.875,0.0178,0.006,0.1014,0.1252,17073309.36,19857848.36
62,10000,1,"3000kW, Pantograph",US,620,62,3.5,0.1458,0.0846,0.0324,0.1014,0.2183,101918571.6,24823557.63
62,10000,2,"3000kW, Pantograph",US,620,31,3.5,0.2917,0.0445,0.0166,0.1014,0.1625,51209742.17,22039218.65
62,10000,3,"3000kW, Pantograph",US,620,21,3.5,0.4375,0.031,0.0112,0.1014,0.1436,34019523.88,21102330.7
62,10000,4,"3000kW, Pantograph",US,620,16,3.5,0.5833,0.0243,0.0086,0.1014,0.1344,25639871.08,20640467.94
62,10000,5,"3000kW, Pantograph",US,620,13,3.5,0.7292,0.0202,0.007,0.1014,0.1287,20439714.33,20358085.32
62,10000,6,"3000kW, Pantograph",US,620,11,3.5,0.875,0.0177,0.006,0.1014,0.1251,17260218.29,20178605.18
63,10000,1,"3000kW, Pantograph",US,630,63,3.5,0.1458,0.0845,0.0323,0.1014,0.2182,103470937.9,25219233.04
63,10000,2,"3000kW, Pantograph",US,630,32,3.5,0.2917,0.0443,0.0165,0.1014,0.1622,51770468.94,22384677.93
63,10000,3,"3000kW, Pantograph",US,630,21,3.5,0.4375,0.0311,0.0113,0.1014,0.1438,34824254.42,21448601.18
63,10000,4,"3000kW, Pantograph",US,630,16,3.5,0.5833,0.0242,0.0086,0.1014,0.1342,25920234.47,20967400.38
63,10000,5,"3000kW, Pantograph",US,630,13,3.5,0.7292,0.0205,0.0071,0.1014,0.1289,21094917.73,20694474.8
63,10000,6,"3000kW, Pantograph",US,630,11,3.5,0.875,0.0176,0.006,0.1014,0.125,17447127.21,20499362
64,10000,1,"3000kW, Pantograph",US,640,64,3.5,0.1458,0.0844,0.0323,0.1014,0.2182,105023304.1,25614908.44
64,10000,2,"3000kW, Pantograph",US,640,32,3.5,0.2917,0.0444,0.0165,0.1014,0.1624,52762108.4,22743299.64
64,10000,3,"3000kW, Pantograph",US,640,22,3.5,0.4375,0.031,0.0112,0.1014,0.1437,35198072.27,21781709.23
64,10000,4,"3000kW, Pantograph",US,640,16,3.5,0.5833,0.0244,0.0086,0.1014,0.1345,26631510.55,21307495.23
64,10000,5,"3000kW, Pantograph",US,640,13,3.5,0.7292,0.0204,0.007,0.1014,0.1288,21319208.44,21017701.87
64,10000,6,"3000kW, Pantograph",US,640,11,3.5,0.875,0.0176,0.0059,0.1014,0.1249,17634036.13,20820118.82
65,10000,1,"3000kW, Pantograph",US,650,65,3.5,0.1458,0.0844,0.0323,0.1014,0.2181,106575670.3,26010583.85
65,10000,2,"3000kW, Pantograph",US,650,33,3.5,0.2917,0.0443,0.0165,0.1014,0.1621,53322835.17,23088758.92
65,10000,3,"3000kW, Pantograph",US,650,22,3.5,0.4375,0.0309,0.0112,0.1014,0.1435,35571890.11,22114817.28
65,10000,4,"3000kW, Pantograph",US,650,17,3.5,0.5833,0.0244,0.0086,0.1014,0.1344,26911873.93,21634427.67
65,10000,5,"3000kW, Pantograph",US,650,13,3.5,0.7292,0.0203,0.007,0.1014,0.1287,21543499.15,21340928.93
65,10000,6,"3000kW, Pantograph",US,650,11,3.5,0.875,0.0175,0.0059,0.1014,0.1249,17820945.06,21140875.63
66,10000,1,"3000kW, Pantograph",US,660,66,3.5,0.1458,0.0846,0.0323,0.1014,0.2183,108558949.3,26419421.68
66,10000,2,"3000kW, Pantograph",US,660,33,3.5,0.2917,0.0444,0.0165,0.1014,0.1623,54314474.64,23447380.63
66,10000,3,"3000kW, Pantograph",US,660,22,3.5,0.4375,0.0311,0.0112,0.1014,0.1437,36376620.66,22461087.75
66,10000,4,"3000kW, Pantograph",US,660,17,3.5,0.5833,0.0243,0.0086,0.1014,0.1342,27192237.32,21961360.1
66,10000,5,"3000kW, Pantograph",US,660,14,3.5,0.7292,0.0202,0.007,0.1014,0.1286,21767789.85,21664156
66,10000,6,"3000kW, Pantograph",US,660,11,3.5,0.875,0.0178,0.006,0.1014,0.1251,18438766.68,21474794.88
67,10000,1,"3000kW, Pantograph",US,670,67,3.5,0.1458,0.0845,0.0323,0.1014,0.2183,110111315.5,26815097.09
67,10000,2,"3000kW, Pantograph",US,670,34,3.5,0.2917,0.0445,0.0165,0.1014,0.1624,55306114.1,23806002.34
67,10000,3,"3000kW, Pantograph",US,670,23,3.5,0.4375,0.0309,0.0112,0.1014,0.1435,36750438.5,22794195.8
67,10000,4,"3000kW, Pantograph",US,670,17,3.5,0.5833,0.0245,0.0086,0.1014,0.1345,27903513.4,22301454.96
67,10000,5,"3000kW, Pantograph",US,670,14,3.5,0.7292,0.0205,0.007,0.1014,0.1289,22422993.26,22000545.49
67,10000,6,"3000kW, Pantograph",US,670,12,3.5,0.875,0.0177,0.0059,0.1014,0.1251,18625675.6,21795551.69
68,10000,1,"3000kW, Pantograph",US,680,68,3.5,0.1458,0.0845,0.0323,0.1014,0.2182,111663681.8,27210772.49
68,10000,2,"3000kW, Pantograph",US,680,34,3.5,0.2917,0.0443,0.0165,0.1014,0.1622,55866840.87,24151461.62
68,10000,3,"3000kW, Pantograph",US,680,23,3.5,0.4375,0.0311,0.0112,0.1014,0.1437,37555169.05,23140466.28
68,10000,4,"3000kW, Pantograph",US,680,17,3.5,0.5833,0.0244,0.0086,0.1014,0.1344,28183876.78,22628387.4
68,10000,5,"3000kW, Pantograph",US,680,14,3.5,0.7292,0.0204,0.007,0.1014,0.1288,22647283.97,22323772.55
68,10000,6,"3000kW, Pantograph",US,680,12,3.5,0.875,0.0176,0.0059,0.1014,0.125,18812584.52,22116308.51
69,10000,1,"3000kW, Pantograph",US,690,69,3.5,0.1458,0.0844,0.0323,0.1014,0.2181,113216048,27606447.9
69,10000,2,"3000kW, Pantograph",US,690,35,3.5,0.2917,0.0444,0.0165,0.1014,0.1623,56858480.34,24510083.33
69,10000,3,"3000kW, Pantograph",US,690,23,3.5,0.4375,0.031,0.0112,0.1014,0.1436,37928986.89,23473574.33
69,10000,4,"3000kW, Pantograph",US,690,18,3.5,0.5833,0.0243,0.0085,0.1014,0.1342,28464240.17,22955319.83
69,10000,5,"3000kW, Pantograph",US,690,14,3.5,0.7292,0.0203,0.007,0.1014,0.1287,22871574.67,22646999.62
69,10000,6,"3000kW, Pantograph",US,690,12,3.5,0.875,0.0176,0.0059,0.1014,0.1249,18999493.45,22437065.33
70,10000,1,"3000kW, Pantograph",US,700,70,3.5,0.1458,0.0844,0.0322,0.1014,0.218,114768414.2,28002123.3
70,10000,2,"3000kW, Pantograph",US,700,35,3.5,0.2917,0.0443,0.0164,0.1014,0.1621,57419207.11,24855542.61
70,10000,3,"3000kW, Pantograph",US,700,24,3.5,0.4375,0.0309,0.0112,0.1014,0.1434,38302804.74,23806682.38
70,10000,4,"3000kW, Pantograph",US,700,18,3.5,0.5833,0.0242,0.0085,0.1014,0.1341,28744603.55,23282252.26
70,10000,5,"3000kW, Pantograph",US,700,14,3.5,0.7292,0.0202,0.0069,0.1014,0.1286,23095865.38,22970226.68
70,10000,6,"3000kW, Pantograph",US,700,12,3.5,0.875,0.0175,0.0059,0.1014,0.1248,19186402.37,22757822.15
71,10000,1,"3000kW, Pantograph",US,710,71,3.5,0.1458,0.0846,0.0323,0.1014,0.2183,116751693.2,28410961.13
71,10000,2,"3000kW, Pantograph",US,710,36,3.5,0.2917,0.0444,0.0164,0.1014,0.1622,58410846.57,25214164.32
71,10000,3,"3000kW, Pantograph",US,710,24,3.5,0.4375,0.031,0.0112,0.1014,0.1436,39107535.28,24152952.85
71,10000,4,"3000kW, Pantograph",US,710,18,3.5,0.5833,0.0244,0.0086,0.1014,0.1344,29455879.63,23622347.12
71,10000,5,"3000kW, Pantograph",US,710,15,3.5,0.7292,0.0204,0.007,0.1014,0.1288,23751068.79,23306616.17
71,10000,6,"3000kW, Pantograph",US,710,12,3.5,0.875,0.0177,0.0059,0.1014,0.1251,19804223.99,23091741.39
72,10000,1,"3000kW, Pantograph",US,720,72,3.5,0.1458,0.0845,0.0323,0.1014,0.2182,118304059.4,28806636.54
72,10000,2,"3000kW, Pantograph",US,720,36,3.5,0.2917,0.0445,0.0165,0.1014,0.1623,59402486.04,25572786.03
72,10000,3,"3000kW, Pantograph",US,720,24,3.5,0.4375,0.0309,0.0111,0.1014,0.1435,39481353.13,24486060.9
72,10000,4,"3000kW, Pantograph",US,720,18,3.5,0.5833,0.0243,0.0085,0.1014,0.1342,29736243.02,23949279.56
72,10000,5,"3000kW, Pantograph",US,720,15,3.5,0.7292,0.0204,0.007,0.1014,0.1288,23975359.49,23629843.23
72,10000,6,"3000kW, Pantograph",US,720,12,3.5,0.875,0.0177,0.0059,0.1014,0.125,19991132.91,23412498.21
73,10000,1,"3000kW, Pantograph",US,730,73,3.5,0.1458,0.0845,0.0322,0.1014,0.2181,119856425.6,29202311.94
73,10000,2,"3000kW, Pantograph",US,730,37,3.5,0.2917,0.0443,0.0164,0.1014,0.1621,59963212.81,25918245.31
73,10000,3,"3000kW, Pantograph",US,730,25,3.5,0.4375,0.0311,0.0112,0.1014,0.1437,40286083.67,24832331.38
73,10000,4,"3000kW, Pantograph",US,730,19,3.5,0.5833,0.0242,0.0085,0.1014,0.1341,30016606.4,24276211.99
73,10000,5,"3000kW, Pantograph",US,730,15,3.5,0.7292,0.0203,0.0069,0.1014,0.1287,24199650.2,23953070.3
73,10000,6,"3000kW, Pantograph",US,730,13,3.5,0.875,0.0176,0.0059,0.1014,0.1249,20178041.83,23733255.03
74,10000,1,"3000kW, Pantograph",US,740,74,3.5,0.1458,0.0844,0.0322,0.1014,0.218,121408791.9,29597987.35
74,10000,2,"3000kW, Pantograph",US,740,37,3.5,0.2917,0.0444,0.0164,0.1014,0.1622,60954852.27,26276867.02
74,10000,3,"3000kW, Pantograph",US,740,25,3.5,0.4375,0.031,0.0111,0.1014,0.1435,40659901.52,25165439.43
74,10000,4,"3000kW, Pantograph",US,740,19,3.5,0.5833,0.0244,0.0085,0.1014,0.1343,30727882.48,24616306.85
74,10000,5,"3000kW, Pantograph",US,740,15,3.5,0.7292,0.0202,0.0069,0.1014,0.1286,24423940.91,24276297.36
74,10000,6,"3000kW, Pantograph",US,740,13,3.5,0.875,0.0176,0.0059,0.1014,0.1248,20364950.76,24054011.84
75,10000,1,"3000kW, Pantograph",US,750,75,3.5,0.1458,0.0844,0.0322,0.1014,0.218,122961158.1,29993662.76
75,10000,2,"3000kW, Pantograph",US,750,38,3.5,0.2917,0.0442,0.0164,0.1014,0.162,61515579.04,26622326.3
75,10000,3,"3000kW, Pantograph",US,750,25,3.5,0.4375,0.0309,0.0111,0.1014,0.1434,41033719.36,25498547.48
75,10000,4,"3000kW, Pantograph",US,750,19,3.5,0.5833,0.0243,0.0085,0.1014,0.1342,31008245.87,24943239.28
75,10000,5,"3000kW, Pantograph",US,750,15,3.5,0.7292,0.0202,0.0069,0.1014,0.1285,24648231.62,24599524.43
75,10000,6,"3000kW, Pantograph",US,750,13,3.5,0.875,0.0175,0.0058,0.1014,0.1248,20551859.68,24374768.66
76,10000,1,"3000kW, Pantograph",US,760,76,3.5,0.1458,0.0846,0.0322,0.1014,0.2182,124944437,30402500.59
76,10000,2,"3000kW, Pantograph",US,760,38,3.5,0.2917,0.0443,0.0164,0.1014,0.1622,62507218.51,26980948.01
76,10000,3,"3000kW, Pantograph",US,760,26,3.5,0.4375,0.031,0.0111,0.1014,0.1436,41838449.9,25844817.96
76,10000,4,"3000kW, Pantograph",US,760,19,3.5,0.5833,0.0242,0.0085,0.1014,0.1341,31288609.25,25270171.72
76,10000,5,"3000kW, Pantograph",US,760,16,3.5,0.7292,0.0204,0.0069,0.1014,0.1287,25303435.02,24935913.91
76,10000,6,"3000kW, Pantograph",US,760,13,3.5,0.875,0.0177,0.0059,0.1014,0.125,21169681.3,24708687.9
77,10000,1,"3000kW, Pantograph",US,770,77,3.5,0.1458,0.0845,0.0322,0.1014,0.2181,126496803.3,30798175.99
77,10000,2,"3000kW, Pantograph",US,770,39,3.5,0.2917,0.0444,0.0164,0.1014,0.1623,63498857.98,27339569.71
77,10000,3,"3000kW, Pantograph",US,770,26,3.5,0.4375,0.0309,0.0111,0.1014,0.1434,42212267.75,26177926.01
77,10000,4,"3000kW, Pantograph",US,770,20,3.5,0.5833,0.0244,0.0085,0.1014,0.1343,31999885.34,25610266.58
77,10000,5,"3000kW, Pantograph",US,770,16,3.5,0.7292,0.0203,0.0069,0.1014,0.1286,25527725.73,25259140.98
77,10000,6,"3000kW, Pantograph",US,770,13,3.5,0.875,0.0177,0.0059,0.1014,0.1249,21356590.22,25029444.72
78,10000,1,"3000kW, Pantograph",US,780,78,3.5,0.1458,0.0845,0.0322,0.1014,0.2181,128049169.5,31193851.4
78,10000,2,"3000kW, Pantograph",US,780,39,3.5,0.2917,0.0443,0.0164,0.1014,0.1621,64059584.75,27685029
78,10000,3,"3000kW, Pantograph",US,780,26,3.5,0.4375,0.0311,0.0111,0.1014,0.1436,43016998.29,26524196.48
78,10000,4,"3000kW, Pantograph",US,780,20,3.5,0.5833,0.0243,0.0085,0.1014,0.1342,32280248.72,25937199.01
78,10000,5,"3000kW, Pantograph",US,780,16,3.5,0.7292,0.0202,0.0069,0.1014,0.1286,25752016.44,25582368.04
78,10000,6,"3000kW, Pantograph",US,780,13,3.5,0.875,0.0176,0.0058,0.1014,0.1249,21543499.15,25350201.54
79,10000,1,"3000kW, Pantograph",US,790,79,3.5,0.1458,0.0844,0.0322,0.1014,0.218,129601535.7,31589526.8
79,10000,2,"3000kW, Pantograph",US,790,40,3.5,0.2917,0.0444,0.0164,0.1014,0.1622,65051224.21,28043650.71
79,10000,3,"3000kW, Pantograph",US,790,27,3.5,0.4375,0.031,0.0111,0.1014,0.1435,43390816.14,26857304.53
79,10000,4,"3000kW, Pantograph",US,790,20,3.5,0.5833,0.0243,0.0085,0.1014,0.1341,32560612.11,26264131.44
79,10000,5,"3000kW, Pantograph",US,790,16,3.5,0.7292,0.0202,0.0069,0.1014,0.1285,25976307.15,25905595.11
79,10000,6,"3000kW, Pantograph",US,790,14,3.5,0.875,0.0176,0.0058,0.1014,0.1248,21730408.07,25670958.36
80,10000,1,"3000kW, Pantograph",US,800,80,3.5,0.1458,0.0844,0.0322,0.1014,0.2179,131153902,31985202.21
80,10000,2,"3000kW, Pantograph",US,800,40,3.5,0.2917,0.0442,0.0163,0.1014,0.162,65611950.98,28389109.99
80,10000,3,"3000kW, Pantograph",US,800,27,3.5,0.4375,0.0309,0.0111,0.1014,0.1434,43764633.99,27190412.58
80,10000,4,"3000kW, Pantograph",US,800,20,3.5,0.5833,0.0242,0.0084,0.1014,0.134,32840975.49,26591063.88
80,10000,5,"3000kW, Pantograph",US,800,16,3.5,0.7292,0.0204,0.0069,0.1014,0.1287,26631510.55,26241984.6
80,10000,6,"3000kW, Pantograph",US,800,14,3.5,0.875,0.0175,0.0058,0.1014,0.1247,21917316.99,25991715.18
81,10000,1,"3000kW, Pantograph",US,810,81,3.5,0.1458,0.0845,0.0322,0.1014,0.2182,133137180.9,32394040.04
81,10000,2,"3000kW, Pantograph",US,810,41,3.5,0.2917,0.0443,0.0164,0.1014,0.1621,66603590.45,28747731.7
81,10000,3,"3000kW, Pantograph",US,810,27,3.5,0.4375,0.031,0.0111,0.1014,0.1435,44569364.53,27536683.06
81,10000,4,"3000kW, Pantograph",US,810,21,3.5,0.5833,0.0244,0.0085,0.1014,0.1342,33552251.57,26931158.74
81,10000,5,"3000kW, Pantograph",US,810,17,3.5,0.7292,0.0203,0.0069,0.1014,0.1286,26855801.26,26565211.66
81,10000,6,"3000kW, Pantograph",US,810,14,3.5,0.875,0.0177,0.0058,0.1014,0.125,22535138.61,26325634.42
82,10000,1,"3000kW, Pantograph",US,820,82,3.5,0.1458,0.0845,0.0322,0.1014,0.2181,134689547.1,32789715.45
82,10000,2,"3000kW, Pantograph",US,820,41,3.5,0.2917,0.0444,0.0164,0.1014,0.1622,67595229.91,29106353.4
82,10000,3,"3000kW, Pantograph",US,820,28,3.5,0.4375,0.0309,0.0111,0.1014,0.1434,44943182.38,27869791.11
82,10000,4,"3000kW, Pantograph",US,820,21,3.5,0.5833,0.0243,0.0084,0.1014,0.1341,33832614.96,27258091.17
82,10000,5,"3000kW, Pantograph",US,820,17,3.5,0.7292,0.0203,0.0069,0.1014,0.1285,27080091.96,26888438.72
82,10000,6,"3000kW, Pantograph",US,820,14,3.5,0.875,0.0176,0.0058,0.1014,0.1249,22722047.54,26646391.24
83,10000,1,"3000kW, Pantograph",US,830,83,3.5,0.1458,0.0844,0.0322,0.1014,0.218,136241913.4,33185390.85
83,10000,2,"3000kW, Pantograph",US,830,42,3.5,0.2917,0.0443,0.0163,0.1014,0.162,68155956.68,29451812.69
83,10000,3,"3000kW, Pantograph",US,830,28,3.5,0.4375,0.0311,0.0111,0.1014,0.1436,45747912.92,28216061.58
83,10000,4,"3000kW, Pantograph",US,830,21,3.5,0.5833,0.0242,0.0084,0.1014,0.134,34112978.34,27585023.61
83,10000,5,"3000kW, Pantograph",US,830,17,3.5,0.7292,0.0202,0.0068,0.1014,0.1285,27304382.67,27211665.79
83,10000,6,"3000kW, Pantograph",US,830,14,3.5,0.875,0.0176,0.0058,0.1014,0.1248,22908956.46,26967148.05
84,10000,1,"3000kW, Pantograph",US,840,84,3.5,0.1458,0.0844,0.0321,0.1014,0.218,137794279.6,33581066.26
84,10000,2,"3000kW, Pantograph",US,840,42,3.5,0.2917,0.0444,0.0164,0.1014,0.1621,69147596.15,29810434.39
84,10000,3,"3000kW, Pantograph",US,840,28,3.5,0.4375,0.031,0.0111,0.1014,0.1434,46121730.76,28549169.63
84,10000,4,"3000kW, Pantograph",US,840,21,3.5,0.5833,0.0244,0.0085,0.1014,0.1342,34824254.42,27925118.46
84,10000,5,"3000kW, Pantograph",US,840,17,3.5,0.7292,0.0204,0.0069,0.1014,0.1287,27959586.08,27548055.28
84,10000,6,"3000kW, Pantograph",US,840,14,3.5,0.875,0.0175,0.0058,0.1014,0.1248,23095865.38,27287904.87
85,10000,1,"3000kW, Pantograph",US,850,85,3.5,0.1458,0.0843,0.0321,0.1014,0.2179,139346645.8,33976741.66
85,10000,2,"3000kW, Pantograph",US,850,43,3.5,0.2917,0.0442,0.0163,0.1014,0.162,69708322.92,30155893.68
85,10000,3,"3000kW, Pantograph",US,850,29,3.5,0.4375,0.0309,0.011,0.1014,0.1433,46495548.61,28882277.68
85,10000,4,"3000kW, Pantograph",US,850,22,3.5,0.5833,0.0243,0.0084,0.1014,0.1341,35104617.81,28252050.9
85,10000,5,"3000kW, Pantograph",US,850,17,3.5,0.7292,0.0203,0.0069,0.1014,0.1286,28183876.78,27871282.34
85,10000,6,"3000kW, Pantograph",US,850,15,3.5,0.875,0.0175,0.0058,0.1014,0.1247,23282774.31,27608661.69
86,10000,1,"3000kW, Pantograph",US,860,86,3.5,0.1458,0.0845,0.0322,0.1014,0.2181,141329924.8,34385579.49
86,10000,2,"3000kW, Pantograph",US,860,43,3.5,0.2917,0.0443,0.0163,0.1014,0.1621,70699962.38,30514515.39
86,10000,3,"3000kW, Pantograph",US,860,29,3.5,0.4375,0.031,0.0111,0.1014,0.1435,47300279.15,29228548.16
86,10000,4,"3000kW, Pantograph",US,860,22,3.5,0.5833,0.0242,0.0084,0.1014,0.1341,35384981.19,28578983.33
86,10000,5,"3000kW, Pantograph",US,860,18,3.5,0.7292,0.0203,0.0068,0.1014,0.1285,28408167.49,28194509.41
86,10000,6,"3000kW, Pantograph",US,860,15,3.5,0.875,0.0177,0.0058,0.1014,0.1249,23900595.92,27942580.93
87,10000,1,"3000kW, Pantograph",US,870,87,3.5,0.1458,0.0845,0.0322,0.1014,0.218,142882291,34781254.9
87,10000,2,"3000kW, Pantograph",US,870,44,3.5,0.2917,0.0444,0.0163,0.1014,0.1622,71691601.85,30873137.09
87,10000,3,"3000kW, Pantograph",US,870,29,3.5,0.4375,0.0309,0.011,0.1014,0.1434,47674097,29561656.21
87,10000,4,"3000kW, Pantograph",US,870,22,3.5,0.5833,0.0244,0.0084,0.1014,0.1342,36096257.27,28919078.19
87,10000,5,"3000kW, Pantograph",US,870,18,3.5,0.7292,0.0202,0.0068,0.1014,0.1284,28632458.2,28517736.47
87,10000,6,"3000kW, Pantograph",US,870,15,3.5,0.875,0.0176,0.0058,0.1014,0.1248,24087504.85,28263337.75
88,10000,1,"3000kW, Pantograph",US,880,88,3.5,0.1458,0.0844,0.0321,0.1014,0.218,144434657.2,35176930.3
88,10000,2,"3000kW, Pantograph",US,880,44,3.5,0.2917,0.0443,0.0163,0.1014,0.162,72252328.62,31218596.38
88,10000,3,"3000kW, Pantograph",US,880,30,3.5,0.4375,0.031,0.0111,0.1014,0.1435,48478827.54,29907926.68
88,10000,4,"3000kW, Pantograph",US,880,22,3.5,0.5833,0.0243,0.0084,0.1014,0.1342,36376620.66,29246010.63
88,10000,5,"3000kW, Pantograph",US,880,18,3.5,0.7292,0.0204,0.0069,0.1014,0.1286,29287661.6,28854125.96
88,10000,6,"3000kW, Pantograph",US,880,15,3.5,0.875,0.0176,0.0058,0.1014,0.1248,24274413.77,28584094.57
89,10000,1,"3000kW, Pantograph",US,890,89,3.5,0.1458,0.0844,0.0321,0.1014,0.2179,145987023.5,35572605.71
89,10000,2,"3000kW, Pantograph",US,890,45,3.5,0.2917,0.0444,0.0163,0.1014,0.1621,73243968.08,31577218.08
89,10000,3,"3000kW, Pantograph",US,890,30,3.5,0.4375,0.031,0.011,0.1014,0.1434,48852645.39,30241034.73
89,10000,4,"3000kW, Pantograph",US,890,23,3.5,0.5833,0.0242,0.0084,0.1014,0.1341,36656984.04,29572943.06
89,10000,5,"3000kW, Pantograph",US,890,18,3.5,0.7292,0.0203,0.0068,0.1014,0.1286,29511952.31,29177353.02
89,10000,6,"3000kW, Pantograph",US,890,15,3.5,0.875,0.0175,0.0058,0.1014,0.1247,24461322.69,28904851.38
90,10000,1,"3000kW, Pantograph",US,900,90,3.5,0.1458,0.0843,0.0321,0.1014,0.2179,147539389.7,35968281.12
90,10000,2,"3000kW, Pantograph",US,900,45,3.5,0.2917,0.0442,0.0163,0.1014,0.1619,73804694.85,31922677.37
90,10000,3,"3000kW, Pantograph",US,900,30,3.5,0.4375,0.0309,0.011,0.1014,0.1433,49226463.24,30574142.78
90,10000,4,"3000kW, Pantograph",US,900,23,3.5,0.5833,0.0242,0.0084,0.1014,0.134,36937347.43,29899875.49
90,10000,5,"3000kW, Pantograph",US,900,18,3.5,0.7292,0.0203,0.0068,0.1014,0.1285,29736243.02,29500580.09
90,10000,6,"3000kW, Pantograph",US,900,15,3.5,0.875,0.0175,0.0057,0.1014,0.1247,24648231.62,29225608.2
91,10000,1,"3000kW, Pantograph",US,910,91,3.5,0.1458,0.0845,0.0321,0.1014,0.2181,149522668.6,36377118.95
91,10000,2,"3000kW, Pantograph",US,910,46,3.5,0.2917,0.0443,0.0163,0.1014,0.162,74796334.32,32281299.08
91,10000,3,"3000kW, Pantograph",US,910,31,3.5,0.4375,0.031,0.011,0.1014,0.1435,50031193.78,30920413.26
91,10000,4,"3000kW, Pantograph",US,910,23,3.5,0.5833,0.0243,0.0084,0.1014,0.1342,37648623.51,30239970.35
91,10000,5,"3000kW, Pantograph",US,910,19,3.5,0.7292,0.0202,0.0068,0.1014,0.1284,29960533.73,29823807.15
91,10000,6,"3000kW, Pantograph",US,910,16,3.5,0.875,0.0177,0.0058,0.1014,0.1249,25266053.24,29559527.44
92,10000,1,"3000kW, Pantograph",US,920,92,3.5,0.1458,0.0845,0.0321,0.1014,0.218,151075034.9,36772794.35
92,10000,2,"3000kW, Pantograph",US,920,46,3.5,0.2917,0.0444,0.0163,0.1014,0.1621,75787973.78,32639920.78
92,10000,3,"3000kW, Pantograph",US,920,31,3.5,0.4375,0.0309,0.011,0.1014,0.1433,50405011.62,31253521.31
92,10000,4,"3000kW, Pantograph",US,920,23,3.5,0.5833,0.0243,0.0084,0.1014,0.1341,37928986.89,30566902.79
92,10000,5,"3000kW, Pantograph",US,920,19,3.5,0.7292,0.0204,0.0068,0.1014,0.1286,30615737.13,30160196.64
92,10000,6,"3000kW, Pantograph",US,920,16,3.5,0.875,0.0176,0.0058,0.1014,0.1248,25452962.16,29880284.26
93,10000,1,"3000kW, Pantograph",US,930,93,3.5,0.1458,0.0844,0.0321,0.1014,0.218,152627401.1,37168469.76
93,10000,2,"3000kW, Pantograph",US,930,47,3.5,0.2917,0.0443,0.0163,0.1014,0.162,76348700.55,32985380.07
93,10000,3,"3000kW, Pantograph",US,930,31,3.5,0.4375,0.031,0.011,0.1014,0.1435,51209742.17,31599791.79
93,10000,4,"3000kW, Pantograph",US,930,24,3.5,0.5833,0.0242,0.0084,0.1014,0.134,38209350.28,30893835.22
93,10000,5,"3000kW, Pantograph",US,930,19,3.5,0.7292,0.0203,0.0068,0.1014,0.1285,30840027.84,30483423.71
93,10000,6,"3000kW, Pantograph",US,930,16,3.5,0.875,0.0176,0.0057,0.1014,0.1247,25639871.08,30201041.08
94,10000,1,"3000kW, Pantograph",US,940,94,3.5,0.1458,0.0844,0.0321,0.1014,0.2179,154179767.3,37564145.16
94,10000,2,"3000kW, Pantograph",US,940,47,3.5,0.2917,0.0444,0.0163,0.1014,0.1621,77340340.02,33344001.77
94,10000,3,"3000kW, Pantograph",US,940,32,3.5,0.4375,0.0309,0.011,0.1014,0.1434,51583560.01,31932899.84
94,10000,4,"3000kW, Pantograph",US,940,24,3.5,0.5833,0.0243,0.0084,0.1014,0.1342,38920626.36,31233930.08
94,10000,5,"3000kW, Pantograph",US,940,19,3.5,0.7292,0.0203,0.0068,0.1014,0.1285,31064318.55,30806650.77
94,10000,6,"3000kW, Pantograph",US,940,16,3.5,0.875,0.0175,0.0057,0.1014,0.1247,25826780.01,30521797.9
95,10000,1,"3000kW, Pantograph",US,950,95,3.5,0.1458,0.0843,0.0321,0.1014,0.2178,155732133.6,37959820.57
95,10000,2,"3000kW, Pantograph",US,950,48,3.5,0.2917,0.0442,0.0163,0.1014,0.1619,77901066.79,33689461.06
95,10000,3,"3000kW, Pantograph",US,950,32,3.5,0.4375,0.0309,0.011,0.1014,0.1433,51957377.86,32266007.89
95,10000,4,"3000kW, Pantograph",US,950,24,3.5,0.5833,0.0243,0.0084,0.1014,0.1341,39200989.74,31560862.51
95,10000,5,"3000kW, Pantograph",US,950,19,3.5,0.7292,0.0202,0.0068,0.1014,0.1284,31288609.25,31129877.83
95,10000,6,"3000kW, Pantograph",US,950,16,3.5,0.875,0.0175,0.0057,0.1014,0.1246,26013688.93,30842554.72
96,10000,1,"3000kW, Pantograph",US,960,96,3.5,0.1458,0.0845,0.0321,0.1014,0.218,157715412.5,38368658.4
96,10000,2,"3000kW, Pantograph",US,960,48,3.5,0.2917,0.0443,0.0163,0.1014,0.162,78892706.25,34048082.76
96,10000,3,"3000kW, Pantograph",US,960,32,3.5,0.4375,0.031,0.011,0.1014,0.1434,52762108.4,32612278.36
96,10000,4,"3000kW, Pantograph",US,960,24,3.5,0.5833,0.0242,0.0084,0.1014,0.134,39481353.13,31887794.95
96,10000,5,"3000kW, Pantograph",US,960,20,3.5,0.7292,0.0204,0.0068,0.1014,0.1286,31943812.66,31466267.32
96,10000,6,"3000kW, Pantograph",US,960,16,3.5,0.875,0.0177,0.0058,0.1014,0.1248,26631510.55,31176473.96
97,10000,1,"3000kW, Pantograph",US,970,97,3.5,0.1458,0.0845,0.0321,0.1014,0.218,159267778.8,38764333.8
97,10000,2,"3000kW, Pantograph",US,970,49,3.5,0.2917,0.0444,0.0163,0.1014,0.1621,79884345.72,34406704.47
97,10000,3,"3000kW, Pantograph",US,970,33,3.5,0.4375,0.0309,0.011,0.1014,0.1433,53135926.25,32945386.41
97,10000,4,"3000kW, Pantograph",US,970,25,3.5,0.5833,0.0244,0.0084,0.1014,0.1342,40192629.21,32227889.81
97,10000,5,"3000kW, Pantograph",US,970,20,3.5,0.7292,0.0203,0.0068,0.1014,0.1285,32168103.37,31789494.39
97,10000,6,"3000kW, Pantograph",US,970,17,3.5,0.875,0.0176,0.0057,0.1014,0.1248,26818419.47,31497230.78
98,10000,1,"3000kW, Pantograph",US,980,98,3.5,0.1458,0.0844,0.0321,0.1014,0.2179,160820145,39160009.21
98,10000,2,"3000kW, Pantograph",US,980,49,3.5,0.2917,0.0443,0.0163,0.1014,0.1619,80445072.49,34752163.76
98,10000,3,"3000kW, Pantograph",US,980,33,3.5,0.4375,0.031,0.011,0.1014,0.1435,53940656.79,33291656.89
98,10000,4,"3000kW, Pantograph",US,980,25,3.5,0.5833,0.0243,0.0084,0.1014,0.1341,40472992.59,32554822.24
98,10000,5,"3000kW, Pantograph",US,980,20,3.5,0.7292,0.0203,0.0068,0.1014,0.1285,32392394.07,32112721.45
98,10000,6,"3000kW, Pantograph",US,980,17,3.5,0.875,0.0176,0.0057,0.1014,0.1247,27005328.4,31817987.59
99,10000,1,"3000kW, Pantograph",US,990,99,3.5,0.1458,0.0844,0.0321,0.1014,0.2179,162372511.2,39555684.62
99,10000,2,"3000kW, Pantograph",US,990,50,3.5,0.2917,0.0443,0.0163,0.1014,0.162,81436711.96,35110785.46
99,10000,3,"3000kW, Pantograph",US,990,33,3.5,0.4375,0.0309,0.011,0.1014,0.1433,54314474.64,33624764.94
99,10000,4,"3000kW, Pantograph",US,990,25,3.5,0.5833,0.0242,0.0084,0.1014,0.134,40753355.98,32881754.67
99,10000,5,"3000kW, Pantograph",US,990,20,3.5,0.7292,0.0202,0.0068,0.1014,0.1284,32616684.78,32435948.52
99,10000,6,"3000kW, Pantograph",US,990,17,3.5,0.875,0.0175,0.0057,0.1014,0.1247,27192237.32,32138744.41
100,10000,1,"3000kW, Pantograph",US,1000,100,3.5,0.1458,0.0843,0.0321,0.1014,0.2178,163924877.5,39951360.02
100,10000,2,"3000kW, Pantograph",US,1000,50,3.5,0.2917,0.0442,0.0162,0.1014,0.1619,81997438.73,35456244.75
100,10000,3,"3000kW, Pantograph",US,1000,34,3.5,0.4375,0.0309,0.011,0.1014,0.1432,54688292.48,33957872.99
100,10000,4,"3000kW, Pantograph",US,1000,25,3.5,0.5833,0.0242,0.0083,0.1014,0.1339,41033719.36,33208687.11
100,10000,5,"3000kW, Pantograph",US,1000,20,3.5,0.7292,0.0202,0.0068,0.1014,0.1283,32840975.49,32759175.58
100,10000,6,"3000kW, Pantograph",US,1000,17,3.5,0.875,0.0175,0.0057,0.1014,0.1246,27379146.24,32459501.23